Total reads,Lowest energy,Total entropy
100,-124.65945294628892,132.90828049719843
200,-184.1821912586636,131.11098599008213
300,-175.27506967251273,137.24398035084442
400,-151.8084220664728,126.64494669508878
500,-171.91269274259287,126.8020748970476
600,-170.00754928738465,130.66509554218487
700,-159.83647979581895,135.4200708781474
800,-194.41055673897432,135.33606654635537
900,-169.44460080869626,144.61969605028284
1000,-179.7282753421304,131.51692477373828
