Total reads,Lowest energy,Total entropy,Overlaps,Duplicates
500,-553.8459694254528,155.8134478853709,2,0
1000,-555.0606558502154,164.33487709411125,3,0
1500,-565.6768627813946,143.2431980845174,1,0
2000,-551.0117798882143,148.5684687562446,2,0
2500,-547.8164273695018,159.45233714185065,2,0
3000,-593.0738364431622,163.14008369722157,4,0
3500,-586.6661390159111,148.22808864380102,2,0
