Total reads,Lowest energy,Total entropy,Time,Overlaps,Duplicates
500,-144.1592395451505,86.12477712012452,2812817.3,0,0
1000,-144.19986486831752,86.16540244329153,6470608.5,0,0
1500,-147.47714923057273,89.44268680554674,7556055.4,0,0
2000,-147.33393420196984,89.29947177694385,12180289.9,0,0
2500,-146.5211212439851,88.48665881895913,13692576.9,0,0
3000,-146.99144368440886,88.95698125938289,15605703.7,0,0
3500,-147.65676336266938,85.75333677597497,21133809.4,0,0
